time,Sn100,Sn90,Sn80,Sn71,Sn64,Sn54,Sn47,Sn40,Sn33,Sn20,Sn10,Sn0
0,299.24,345.87,365.12,359.22,395.19,353.19,358.19,342.62,374.67,348.14,336.54,374.97
1,298.19,344.32,363.59,357.87,394.34,351.27,356.77,340.27,373.27,345.57,334.07,372.74
2,297.12,342.92,362.07,356.59,392.34,349.47,355.47,338.17,371.84,343.24,331.44,370.29
3,296.14,341.64,360.62,355.29,390.99,347.72,354.32,336.07,370.39,341.09,328.89,368.27
4,294.99,340.37,358.94,353.82,388.99,345.72,353.14,333.94,369.09,338.67,326.44,366.19
5,293.99,338.97,357.34,352.44,387.24,343.94,351.94,331.67,367.69,336.44,324.07,364.12
6,292.94,337.27,355.79,351.09,386.14,342.19,350.44,329.72,366.32,334.17,321.22,361.72
7,291.92,334.57,354.34,349.77,384.19,340.42,349.17,327.79,364.79,332.09,319.14,359.74
8,290.77,333.67,352.67,348.27,383.12,338.37,347.89,325.92,363.49,329.52,317.24,357.74
9,289.82,331.02,351.19,346.94,381.17,336.72,346.59,323.74,362.22,327.42,315.32,355.62
10,288.62,331.79,349.72,345.59,379.77,335.02,345.24,321.97,360.92,325.34,311.97,353.24
11,287.54,330.97,348.24,344.27,378.32,333.37,343.72,320.19,359.44,323.29,309.04,351.22
12,286.44,328.87,346.54,342.82,376.69,331.49,342.37,318.44,358.09,320.99,307.37,349.14
13,285.42,328.14,345.09,341.52,375.04,329.84,340.97,316.67,356.74,319.04,305.22,347.04
14,284.37,326.77,343.67,340.19,373.22,328.19,339.52,314.57,355.37,316.99,302.67,344.82
15,283.32,325.47,342.24,338.92,371.64,326.54,337.99,312.62,354.07,314.94,301.04,342.94
16,282.14,324.07,340.82,337.47,370.14,324.77,336.69,310.79,352.67,312.64,299.19,340.97
17,281.12,322.52,339.19,336.17,368.67,323.19,335.39,309.09,351.39,310.67,296.97,339.02
18,280.14,321.14,337.74,334.84,367.22,321.49,334.07,307.04,350.12,308.74,294.94,336.89
19,279.17,319.74,336.37,333.49,365.69,319.79,332.67,305.22,348.82,306.82,292.64,335.09
20,278.09,318.39,334.94,332.02,365.39,318.12,331.44,303.37,347.37,304.74,290.87,333.14
21,277.09,316.94,333.34,330.82,363.59,316.64,330.19,301.42,346.07,302.87,289.19,331.12
22,276.07,315.64,331.97,329.57,362.07,315.17,328.92,299.37,344.79,300.99,287.72,328.79
23,275.12,314.42,330.59,328.37,359.39,313.72,327.49,297.77,343.57,299.14,285.67,326.77
24,274.04,313.12,329.22,327.02,358.34,312.24,326.19,296.17,342.24,297.17,283.79,324.97
25,273.12,311.82,327.72,325.82,357.27,310.52,324.97,294.49,341.07,295.32,282.02,323.19
26,272.14,310.34,326.34,324.62,355.87,308.99,323.77,292.77,339.89,293.49,280.24,321.49
27,271.14,309.04,324.97,323.42,354.24,307.47,322.42,291.19,338.69,291.72,278.19,319.69
28,270.17,307.74,323.67,322.07,352.74,306.02,321.24,289.59,337.37,289.72,276.52,318.09
29,269.09,306.52,322.19,320.89,351.62,304.39,320.07,287.94,336.19,287.97,274.57,316.42
30,268.12,305.17,320.89,319.74,350.19,302.97,318.92,286.07,335.09,286.37,272.79,314.67
31,267.14,303.97,319.64,318.57,348.27,301.49,317.62,284.59,333.99,284.77,271.07,312.79
32,266.17,302.72,318.37,317.39,347.17,299.99,316.47,283.12,332.74,283.14,269.17,311.04
33,265.12,301.52,316.99,316.09,346.24,298.42,315.34,281.62,331.54,281.22,267.27,309.34
34,264.19,300.14,315.74,314.97,344.99,297.02,314.17,279.97,330.34,279.59,265.74,307.67
35,263.24,298.92,314.44,313.79,342.82,295.67,312.84,278.49,329.14,277.94,264.27,305.69
36,262.32,297.77,313.19,312.67,341.77,294.32,311.67,277.07,327.84,276.32,262.82,303.92
37,261.24,296.62,311.84,311.39,340.49,292.77,310.57,275.52,326.69,274.44,261.14,302.19
38,260.34,295.27,310.59,310.27,339.19,291.44,309.39,273.79,325.57,272.84,259.44,300.54
39,259.44,294.09,309.37,309.12,337.92,290.12,308.24,272.39,324.42,271.29,257.62,298.67
40,258.57,292.89,308.17,307.99,336.74,288.79,306.92,271.04,323.09,269.77,255.87,297.07
41,257.52,291.72,306.82,306.74,335.47,287.29,305.74,269.59,321.97,268.04,254.14,295.42
42,256.62,290.44,305.59,305.64,334.14,286.02,304.59,268.17,320.82,266.57,252.64,293.94
43,255.72,289.27,304.42,304.54,332.72,284.77,303.47,266.54,319.72,265.12,250.59,292.19
44,254.84,288.19,303.29,303.49,331.44,283.49,302.17,265.12,318.57,263.52,249.17,290.62
45,253.87,287.12,302.17,302.29,330.17,282.07,301.04,263.74,317.32,261.77,247.97,289.02
46,253.02,285.92,300.84,301.19,328.97,280.87,299.97,262.29,316.24,260.27,246.74,287.49
47,252.14,284.89,299.67,300.09,327.77,279.67,298.92,260.82,315.12,258.92,245.19,285.74
48,251.24,283.82,298.52,298.99,326.44,278.42,297.77,259.54,314.02,257.42,243.44,284.22
49,250.24,282.79,297.39,297.79,325.19,277.09,296.74,258.17,312.77,255.69,241.89,282.69
50,249.37,281.67,296.12,296.72,323.94,275.94,295.69,256.89,311.69,254.07,240.52,281.27
51,248.52,280.62,294.99,295.64,322.72,274.77,294.64,255.47,310.67,252.54,239.01,279.59
52,247.69,279.57,293.77,294.59,321.32,273.52,293.47,254.14,309.57,251.22,237.46,277.99
53,246.74,278.44,292.57,293.44,320.07,272.32,292.47,252.94,308.39,249.74,236.49,276.57
54,245.89,277.22,291.29,292.39,318.84,270.97,291.44,251.54,307.37,248.44,235.34,275.12
55,245.07,276.17,290.17,291.32,317.62,269.79,290.39,250.22,306.34,246.99,234.11,273.44
56,244.24,275.12,289.04,290.29,316.27,268.59,289.24,248.97,305.34,245.64,232.56,272.02
57,243.42,274.02,287.97,289.14,315.09,267.44,288.22,247.82,304.19,244.19,231.19,270.67
58,242.47,272.97,286.74,288.09,313.94,266.12,287.19,246.67,303.17,243.04,229.74,269.42
59,241.59,271.87,285.67,287.07,312.79,264.97,286.17,245.32,302.14,241.72,228.24,268.29
60,240.77,270.92,284.59,286.02,311.49,263.82,284.99,243.99,301.14,240.44,226.81,267.37
61,239.94,269.97,283.52,285.02,310.32,262.69,284.04,242.79,300.04,239.11,225.61,266.84
62,238.99,268.97,282.32,283.84,309.19,261.44,283.04,241.67,299.09,237.69,224.36,266.69
63,238.11,267.84,281.24,282.82,308.09,260.34,282.07,240.34,298.12,236.49,223.16,266.84
64,237.29,266.87,280.19,281.87,306.79,259.22,280.99,239.09,297.14,235.21,222.01,267.37
65,236.51,265.92,279.14,280.87,305.64,258.12,279.99,237.96,296.07,233.91,221.04,268.02
66,235.59,264.94,277.99,279.74,304.47,256.97,279.02,236.86,295.09,232.44,219.86,268.54
67,234.79,263.77,276.94,278.74,303.37,255.97,278.07,235.59,294.12,231.16,218.99,268.94
68,234.01,262.79,275.92,277.74,302.09,254.94,276.99,234.46,293.12,229.91,217.89,269.27
69,233.21,261.84,274.89,276.74,301.02,253.87,276.02,233.29,292.04,228.61,216.99,269.42
70,232.34,260.89,273.74,275.67,299.97,252.67,275.07,232.19,291.09,227.21,216.44,269.49
71,231.56,259.87,272.74,274.72,298.89,251.59,274.09,231.06,290.17,226.09,216.49,269.52
72,230.81,258.92,271.74,273.82,297.62,250.57,273.12,229.76,289.24,224.96,216.59,269.54
73,230.04,257.97,270.79,272.89,296.52,249.52,272.07,228.71,288.32,223.79,216.96,269.54
74,229.16,256.97,269.64,271.84,295.42,248.32,271.14,227.61,287.29,222.59,217.34,269.57
75,228.51,255.94,268.59,270.92,294.34,247.32,270.24,226.64,286.39,221.54,217.71,269.57
76,228.59,254.92,267.57,269.97,293.09,246.32,269.34,225.54,285.49,220.51,217.89,269.59
77,229.36,253.94,266.59,269.07,292.02,245.37,268.34,224.41,284.59,219.44,217.84,269.62
78,230.11,253.07,265.64,268.09,290.99,244.24,267.47,223.29,283.59,218.26,217.84,269.59
79,230.26,252.07,264.44,267.17,289.92,243.27,266.62,222.21,282.72,217.06,218.11,269.59
80,230.29,251.17,263.44,266.24,288.92,242.32,265.74,221.01,281.84,216.01,218.24,269.59
81,230.31,250.24,262.47,265.34,287.77,241.34,264.74,219.99,280.99,214.96,218.26,269.62
82,230.31,249.34,261.54,264.32,286.77,240.36,263.84,218.96,280.02,213.84,218.21,269.64
83,230.31,248.32,260.47,263.39,285.79,239.26,262.94,217.96,279.14,212.89,218.36,269.64
84,230.31,247.44,259.59,262.52,284.77,238.29,262.07,216.76,278.22,211.79,218.44,269.67
85,230.31,246.49,258.69,261.64,283.59,237.31,261.02,215.86,277.34,210.76,218.44,269.64
86,230.31,245.62,257.79,260.62,282.54,236.34,260.09,214.91,276.32,209.64,218.41,269.64
87,230.31,244.77,256.74,259.74,281.54,235.29,259.22,213.96,275.42,208.74,218.21,269.64
88,230.31,243.82,255.84,258.89,280.52,234.36,258.34,212.91,274.52,207.76,218.14,269.67
89,230.31,242.97,254.97,257.99,279.34,233.41,257.37,212.04,273.67,206.69,218.01,269.69
90,230.31,242.17,253.99,257.17,278.32,232.49,256.52,211.11,272.69,205.74,217.94,269.72
91,230.31,241.34,252.87,256.22,277.32,231.44,255.67,210.26,271.84,204.79,217.94,269.69
92,230.31,240.36,251.94,255.37,276.34,230.51,254.84,209.29,270.99,203.86,217.56,269.69
93,230.31,239.51,251.04,254.52,275.19,229.61,253.87,208.29,270.14,202.94,217.24,269.67
94,230.31,238.66,250.17,253.64,274.19,228.71,253.04,207.44,269.19,202.01,217.16,269.67
95,230.31,237.79,249.19,252.67,273.19,227.69,252.19,206.61,268.34,201.11,216.89,269.67
96,230.31,236.86,248.34,251.84,272.24,226.76,251.34,205.64,267.52,200.36,216.71,269.67
97,230.34,236.04,247.52,250.97,271.19,225.81,250.37,204.76,266.72,199.71,216.51,269.64
98,230.34,235.19,246.69,250.09,270.22,224.91,249.54,203.89,265.79,199.01,216.29,269.62
99,230.34,234.36,245.77,249.14,269.22,223.86,248.74,203.04,264.97,198.41,216.26,269.62
100,230.34,233.41,244.89,248.34,268.27,222.99,247.94,202.09,264.12,197.91,216.11,269.59
101,230.34,232.59,244.04,247.49,267.24,222.11,247.17,201.21,263.27,197.44,215.89,269.59
102,230.34,231.79,243.19,246.69,266.29,221.26,246.29,200.36,262.34,196.91,215.54,269.57
103,230.34,230.96,242.27,245.77,265.39,220.29,245.49,199.49,261.54,196.46,215.11,269.59
104,230.34,229.99,241.44,244.94,264.49,219.41,244.72,198.56,260.69,195.99,214.84,269.59
105,230.34,229.14,240.61,244.12,263.47,218.56,243.92,197.49,259.89,195.64,214.64,269.59
106,230.36,228.36,239.81,243.29,262.59,217.66,243.02,196.61,259.09,195.24,214.24,269.59
107,230.36,227.59,238.96,242.42,261.67,216.66,242.22,195.81,258.17,194.84,214.14,269.62
108,230.36,226.74,238.06,241.64,260.72,215.74,241.42,194.94,257.37,194.41,213.74,269.64
109,230.36,226.01,237.19,240.86,259.82,214.91,240.64,194.01,256.57,194.04,213.26,269.64
110,230.36,225.26,236.39,240.09,258.77,214.11,239.79,193.19,255.79,193.69,213.04,269.64
111,230.34,224.44,235.61,239.21,257.84,213.34,239.01,192.39,254.94,193.26,212.56,269.64
112,230.36,223.56,234.69,238.46,256.97,212.41,238.24,191.54,254.19,192.89,212.04,269.67
113,230.36,222.81,233.89,237.71,256.07,211.66,237.49,190.66,253.44,192.49,211.56,269.67
114,230.34,222.04,233.09,236.96,255.09,210.91,236.59,189.79,252.69,192.11,210.84,269.69
115,230.34,221.29,232.29,236.14,254.24,210.14,235.81,188.96,251.87,191.71,210.19,269.72
116,230.34,220.56,231.41,235.34,253.39,209.26,235.06,188.24,251.07,191.34,209.74,269.72
117,230.34,219.74,230.64,234.61,252.54,208.46,234.29,187.41,250.29,190.86,209.49,269.72
118,230.34,219.04,229.86,233.86,251.62,207.64,233.44,186.64,249.57,190.46,208.94,269.72
119,230.34,218.31,229.04,233.16,250.79,206.76,232.66,185.94,248.77,190.04,208.29,269.72
120,230.34,217.59,228.19,232.36,249.89,205.76,231.89,185.09,248.04,189.59,207.71,269.72
121,230.34,216.81,227.41,231.66,249.02,204.94,231.16,184.19,247.29,189.14,207.26,269.72
122,230.34,216.11,226.64,230.96,248.02,204.16,230.36,183.44,246.59,188.71,206.76,269.69
123,230.34,215.36,225.86,230.26,247.14,203.41,229.64,182.69,245.77,188.34,206.26,269.69
124,230.34,214.61,225.01,229.44,246.34,202.59,228.91,181.91,245.07,187.84,205.76,269.67
125,230.31,213.86,224.29,228.71,245.57,201.84,228.21,181.16,244.37,187.41,205.34,269.64
126,230.31,213.31,223.59,228.01,244.64,201.06,227.39,180.46,243.69,186.96,204.94,269.62
127,230.31,213.04,222.86,227.31,243.82,200.31,226.66,179.71,242.87,186.56,204.59,269.59
128,230.31,212.96,222.01,226.54,243.04,199.49,225.94,179.06,242.14,186.09,204.21,269.59
129,230.31,213.24,221.31,225.84,242.22,198.79,225.21,178.34,241.44,185.71,203.71,269.59
130,230.31,213.69,220.61,225.16,241.29,198.06,224.49,177.64,240.71,185.29,203.16,269.57
131,230.34,214.16,219.86,224.46,240.44,197.34,223.71,176.94,239.94,184.91,202.49,269.54
132,230.34,214.56,219.09,223.66,239.59,196.51,222.99,176.24,239.24,184.46,202.09,269.52
133,230.34,214.89,218.36,222.96,238.79,195.81,222.31,175.56,238.56,184.04,201.61,269.47
134,230.34,215.09,217.61,222.26,237.94,195.11,221.61,174.76,237.89,183.69,200.91,269.44
135,230.31,215.26,216.89,221.56,237.19,194.44,220.81,174.11,237.19,183.39,200.21,269.44
136,230.31,215.36,216.11,220.81,236.44,193.64,220.14,173.41,236.44,182.96,199.51,269.42
137,230.29,215.44,215.34,220.16,235.66,192.94,219.44,172.71,235.76,182.51,198.96,269.42
138,230.29,215.49,214.66,219.51,234.91,192.24,218.76,171.94,235.09,182.09,198.56,269.37
139,230.29,215.54,213.96,218.86,234.06,191.54,217.96,171.24,234.44,181.76,198.01,269.37
140,230.29,215.56,213.26,218.11,233.29,190.76,217.29,170.59,233.66,181.31,197.51,269.37
141,230.26,215.59,212.51,217.44,232.54,190.06,216.61,169.99,233.01,180.99,197.04,269.34
142,230.29,215.61,211.84,216.81,231.79,189.39,215.96,169.31,232.36,180.56,196.31,269.34
143,230.29,215.64,211.16,216.16,230.91,188.66,215.24,168.69,231.74,180.14,195.69,269.32
144,230.24,215.64,210.49,215.44,230.19,187.99,214.56,168.09,231.01,179.74,195.29,269.32
145,230.24,215.64,209.76,214.79,229.46,187.24,213.91,167.49,230.36,179.46,194.66,269.29
146,230.24,215.64,209.11,214.14,228.74,186.61,213.26,166.71,229.71,179.24,194.19,269.24
147,230.24,215.64,208.49,213.51,227.94,185.99,212.54,166.09,229.09,178.89,193.51,269.24
148,230.24,215.64,207.84,212.84,227.24,185.34,211.89,165.39,228.36,178.54,193.01,269.22
149,230.29,215.61,207.14,212.11,226.49,184.61,211.24,164.74,227.69,178.19,192.39,269.22
150,230.29,215.61,206.44,211.46,225.69,183.91,210.61,164.11,227.06,177.94,191.71,269.19
151,230.19,215.59,205.71,210.81,224.84,183.21,209.89,163.51,226.44,177.56,191.16,269.14
152,230.24,215.56,205.04,210.16,224.14,182.49,209.24,162.89,225.71,177.29,190.64,269.12
153,230.24,215.54,204.31,209.41,223.46,181.69,208.56,162.34,225.09,177.09,190.14,269.09
154,230.24,215.49,203.66,208.71,222.74,180.99,207.91,161.69,224.41,176.84,189.59,269.04
155,230.24,215.46,203.01,208.09,221.94,180.36,207.21,161.06,223.74,176.54,188.86,269.04
156,230.24,215.41,202.39,207.49,221.19,179.71,206.59,160.41,223.04,176.26,188.26,269.04
157,230.24,215.36,201.69,206.79,220.46,179.01,205.99,159.86,222.41,176.01,187.66,269.02
158,230.24,215.34,201.11,206.19,219.74,178.44,205.39,159.16,221.76,175.71,187.09,269.02
159,230.24,215.29,200.51,205.59,219.01,177.84,204.71,158.54,221.16,175.44,186.54,268.89
160,230.21,215.21,199.94,204.96,218.34,177.24,204.09,157.94,220.49,175.21,185.94,268.82
161,230.24,215.16,199.36,204.29,217.74,176.59,203.49,157.31,219.86,174.89,185.34,268.77
162,230.21,215.11,198.96,203.69,217.09,175.96,202.89,156.71,219.26,174.59,184.76,268.67
163,230.21,215.06,198.59,203.11,216.34,175.36,202.29,156.04,218.66,174.34,184.11,268.64
164,230.21,215.01,198.31,202.51,215.66,174.76,201.64,155.54,218.06,174.09,183.56,268.62
165,230.21,214.96,198.14,201.84,214.96,174.11,201.06,154.96,217.44,173.81,182.94,268.54
166,230.19,214.89,198.11,201.24,214.29,173.51,200.51,154.34,216.84,173.46,182.24,268.52
167,230.19,214.84,198.11,200.66,213.54,172.94,199.96,153.76,216.26,173.19,181.56,268.49
168,230.19,214.79,198.21,200.09,212.84,172.36,199.31,153.21,215.69,172.89,180.86,268.34
169,230.19,214.71,198.34,199.46,212.14,171.74,198.74,152.69,215.04,172.56,180.21,268.19
170,230.19,214.66,198.51,198.86,211.46,171.14,198.16,152.11,214.49,172.34,179.66,268.04
171,230.21,214.59,198.69,198.31,210.79,170.56,197.61,151.49,213.94,172.09,179.11,267.67
172,230.21,214.54,198.84,197.71,210.04,170.01,196.99,150.96,213.31,171.79,178.39,267.07
173,230.19,214.49,199.01,197.09,209.36,169.51,196.39,150.31,212.66,171.44,177.69,266.27
174,230.19,214.41,199.19,196.51,208.69,168.86,195.84,149.69,212.06,171.14,176.99,265.37
175,230.19,214.34,199.34,195.96,208.04,168.31,195.29,149.04,211.49,170.84,176.29,264.47
176,230.19,214.26,199.49,195.41,207.34,167.79,194.64,148.49,210.91,170.54,175.66,263.44
177,230.19,214.19,199.59,194.86,206.69,167.24,194.09,147.96,210.24,170.14,175.04,262.47
178,230.19,214.11,199.71,194.26,205.99,166.61,193.51,147.46,209.66,169.79,174.44,261.59
179,230.19,214.06,199.81,193.71,205.34,166.06,192.94,146.84,209.06,169.46,173.86,260.57
180,230.19,213.99,199.86,193.16,204.66,165.54,192.29,146.29,208.49,169.09,172.89,259.69
181,230.19,213.91,199.94,192.64,204.01,164.99,191.69,145.79,207.84,168.79,172.06,258.77
182,230.19,213.81,200.01,192.01,203.44,164.36,191.11,145.29,207.26,168.39,171.26,257.72
183,230.19,213.74,200.06,191.46,202.86,163.81,190.56,144.71,206.69,168.04,170.69,256.59
184,230.19,213.64,200.09,190.96,202.21,163.24,189.91,144.21,206.14,167.66,170.11,255.17
185,230.19,213.56,200.14,190.44,201.61,162.69,189.36,143.64,205.51,167.26,169.51,253.77
186,230.16,213.49,200.19,189.81,201.04,162.04,188.76,143.09,204.99,166.89,168.94,252.37
187,230.16,213.39,200.21,189.29,200.44,161.49,188.21,142.49,204.44,166.54,168.56,251.07
188,230.16,213.29,200.26,188.76,199.76,160.99,187.64,141.94,203.91,166.19,167.86,249.64
189,230.14,213.19,200.29,188.21,199.19,160.44,187.14,141.41,203.29,165.81,167.21,248.42
190,230.14,213.09,200.31,187.64,198.61,159.84,186.66,140.94,202.74,165.34,166.66,247.22
191,230.16,212.99,200.36,187.11,198.04,159.31,186.16,140.41,202.21,164.96,165.76,245.94
192,230.16,212.89,200.36,186.61,197.39,158.81,185.66,139.84,201.69,164.59,165.04,244.42
193,230.16,212.76,200.39,186.14,196.84,158.31,185.09,139.34,201.06,164.24,164.54,243.07
194,230.14,212.64,200.39,185.61,196.26,157.74,184.56,138.89,200.54,163.81,164.09,241.79
195,230.14,212.51,200.39,185.19,195.71,157.26,184.04,138.46,200.01,163.44,163.49,240.44
196,230.14,212.41,200.39,184.81,195.09,156.84,183.51,138.04,199.46,163.06,162.86,238.94
197,230.14,212.31,200.39,184.49,194.51,156.46,182.91,137.64,198.94,162.66,162.26,237.69
198,230.14,212.19,200.36,184.19,193.94,156.09,182.41,137.24,198.34,162.21,161.74,236.34
199,230.14,212.06,200.34,183.99,193.41,155.81,181.89,136.81,197.81,161.81,161.29,234.94
200,230.14,211.94,200.31,183.89,192.84,155.66,181.39,136.31,197.26,161.44,160.69,233.39
201,230.14,211.81,200.29,183.84,192.24,155.51,180.79,135.91,196.76,161.04,160.06,232.09
202,230.14,211.69,200.26,183.86,191.69,155.39,180.26,135.51,196.16,160.66,159.51,230.76
203,230.14,211.56,200.21,183.94,191.11,155.31,179.76,135.11,195.66,160.26,159.01,229.36
204,230.14,211.44,200.16,184.09,190.54,155.29,179.24,134.74,195.14,159.86,158.34,227.76
205,230.14,211.31,200.09,184.26,189.91,155.31,178.66,134.41,194.66,159.46,157.59,226.19
206,230.14,211.16,199.99,184.44,189.39,155.34,178.19,134.11,194.11,159.01,156.84,224.74
207,230.11,211.04,199.86,184.66,188.86,155.41,177.71,133.76,193.59,158.64,155.96,223.26
208,230.14,210.89,199.76,184.86,188.29,155.46,177.24,133.49,193.06,158.26,155.39,221.56
209,230.14,210.76,199.64,185.06,187.69,155.51,176.69,133.34,192.54,157.89,154.74,220.04
210,230.14,210.61,199.51,185.26,187.16,155.54,176.16,133.31,191.99,157.49,154.14,218.39
211,230.14,210.49,199.39,185.49,186.64,155.59,175.66,133.34,191.49,156.99,153.76,216.76
212,230.11,210.31,199.26,185.66,186.09,155.59,175.16,133.41,190.96,156.59,153.24,215.06
213,230.11,210.19,199.11,185.81,185.51,155.59,174.61,133.44,190.44,156.21,152.64,213.61
214,230.09,210.04,198.96,185.96,185.01,155.56,174.14,133.51,189.86,155.81,151.96,212.21
215,229.99,209.89,198.79,186.09,184.51,155.54,173.66,133.54,189.36,155.36,151.34,210.89
216,229.86,209.71,198.61,186.21,184.01,155.51,173.16,133.64,188.84,155.01,150.71,209.59
217,229.61,209.54,198.46,186.31,183.44,155.46,172.64,133.66,188.31,154.59,149.94,208.11
218,229.26,209.39,198.29,186.41,182.94,155.41,172.19,133.69,187.74,154.19,149.46,206.84
219,228.61,209.21,198.09,186.51,182.44,155.31,171.71,133.69,187.24,153.74,148.99,205.61
220,227.66,209.04,197.94,186.59,181.94,155.24,171.26,133.71,186.71,153.39,148.41,204.31
221,226.46,208.89,197.76,186.69,181.39,155.14,170.74,133.74,186.21,153.01,147.84,202.91
222,224.99,208.71,197.61,186.76,180.89,155.04,170.29,133.74,185.66,152.66,147.31,201.69
223,222.84,208.56,197.44,186.84,180.39,154.91,169.81,133.76,185.16,152.24,146.71,200.61
224,221.54,208.36,197.29,186.91,179.91,154.81,169.34,133.79,184.69,151.86,146.01,199.56
225,220.46,208.19,197.11,186.96,179.34,154.69,168.86,133.84,184.24,151.51,145.19,198.21
226,219.41,208.01,196.96,187.01,178.84,154.59,168.36,133.86,183.79,151.16,144.56,197.14
227,218.31,207.84,196.81,187.06,178.31,154.46,167.91,133.86,183.26,150.76,144.06,196.01
228,217.34,207.64,196.64,187.09,177.81,154.36,167.46,133.86,182.81,150.36,143.51,194.94
229,216.39,207.46,196.49,187.11,177.21,154.24,167.01,133.86,182.36,149.94,143.09,193.76
230,215.49,207.29,196.34,187.14,176.66,154.11,166.49,133.81,181.91,149.54,142.59,192.69
231,214.49,207.11,196.19,187.16,176.16,154.01,166.06,133.81,181.44,149.09,142.24,191.64
232,213.56,206.89,195.99,187.16,175.69,153.86,165.61,133.79,181.01,148.69,141.84,190.66
233,212.69,206.69,195.84,187.16,175.21,153.76,165.19,133.79,180.56,148.34,141.14,189.59
234,211.81,206.49,195.69,187.16,174.66,153.64,164.66,133.76,180.16,147.94,140.59,188.56
235,210.81,206.31,195.54,187.16,174.19,153.51,164.24,133.71,179.66,147.44,140.01,187.51
236,209.96,206.09,195.34,187.16,173.69,153.39,163.79,133.74,179.24,147.09,139.29,186.46
237,209.11,205.89,195.16,187.14,173.26,153.26,163.36,133.74,178.79,146.69,138.46,185.36
238,208.29,205.69,195.01,187.11,172.81,153.14,162.89,133.71,178.36,146.29,137.84,184.39
239,207.44,205.49,194.86,187.06,172.49,152.99,162.46,133.71,177.89,145.91,137.49,183.41
240,206.54,205.26,194.69,187.01,172.21,152.84,162.04,133.71,177.44,145.46,136.99,182.49
241,205.71,205.04,194.51,186.94,171.99,152.69,161.59,133.66,177.01,145.09,136.49,181.39
242,204.89,204.81,194.34,186.89,171.79,152.56,161.11,133.66,176.59,144.71,135.96,180.44
243,204.11,204.61,194.16,186.81,171.64,152.41,160.69,133.64,176.09,144.34,135.54,179.49
244,203.21,204.39,193.99,186.71,171.56,152.26,160.26,133.64,175.66,143.89,135.24,178.56
245,202.41,204.11,193.84,186.64,171.54,152.11,159.86,133.64,175.24,143.46,134.74,177.69
246,201.64,203.89,193.69,186.54,171.56,151.99,159.41,133.66,174.79,143.06,134.26,176.66
247,200.86,203.66,193.49,186.44,171.61,151.84,159.04,133.66,174.29,142.66,133.84,175.86
248,199.96,203.41,193.31,186.31,171.66,151.69,158.64,133.66,173.86,142.21,133.59,175.06
249,199.16,203.14,193.14,186.19,171.74,151.56,158.24,133.64,173.41,141.74,133.31,174.24
250,198.34,202.89,192.96,186.06,171.86,151.41,157.79,133.64,172.99,141.31,133.04,173.26
251,197.56,202.61,192.79,185.94,171.96,151.24,157.36,133.64,172.51,140.89,132.89,172.41
252,196.74,202.36,192.59,185.79,172.06,151.09,156.96,133.61,172.09,140.41,132.59,171.59
253,195.99,202.06,192.41,185.64,172.16,150.94,156.54,133.61,171.66,140.01,132.39,170.74
254,195.26,201.81,192.21,185.49,172.31,150.79,156.14,133.64,171.24,139.61,132.34,169.79
255,194.56,201.56,192.04,185.34,172.44,150.61,155.69,133.66,170.84,139.19,132.49,169.04
256,193.74,201.29,191.84,185.19,172.56,150.44,155.29,133.66,170.36,138.71,132.59,168.29
257,192.99,200.99,191.64,185.04,172.66,150.29,154.89,133.66,169.96,138.34,132.71,167.46
258,192.26,200.74,191.46,184.89,172.76,150.14,154.49,133.66,169.54,137.96,132.81,166.51
259,191.56,200.46,191.26,184.74,172.86,149.96,154.06,133.66,169.14,137.64,133.06,165.76
260,190.74,200.19,191.09,184.56,172.94,149.81,153.69,133.66,168.69,137.26,133.24,165.01
261,190.01,199.86,190.86,184.41,173.01,149.64,153.26,133.64,168.26,136.91,133.21,164.24
262,189.31,199.59,190.69,184.24,173.11,149.44,152.86,133.66,167.86,136.61,133.29,163.26
263,188.64,199.31,190.49,184.09,173.16,149.29,152.39,133.69,167.46,136.31,133.39,162.44
264,187.86,199.01,190.31,183.91,173.24,149.11,151.99,133.66,167.01,135.99,133.46,161.64
265,187.16,198.69,190.09,183.76,173.31,148.91,151.59,133.66,166.61,135.76,133.39,160.91
266,186.46,198.41,189.89,183.61,173.34,148.71,151.24,133.64,166.21,135.56,133.26,160.11
267,185.79,198.09,189.71,183.46,173.41,148.51,150.86,133.61,165.84,135.36,133.16,159.39
268,185.11,197.79,189.51,183.31,173.44,148.29,150.46,133.61,165.39,135.19,133.11,158.66
269,184.36,197.46,189.29,183.16,173.46,148.04,150.06,133.59,164.99,135.09,133.11,157.94
270,183.71,197.11,189.09,183.01,173.46,147.79,149.66,133.61,164.59,135.14,133.09,157.09
271,183.04,196.79,188.86,182.86,173.46,147.54,149.24,133.59,164.19,135.29,132.94,156.36
272,182.36,196.46,188.64,182.74,173.44,147.31,148.84,133.56,163.74,135.49,132.76,155.69
273,181.56,196.14,188.39,182.56,173.44,147.04,148.44,133.59,163.34,135.74,132.66,154.99
274,180.91,195.76,188.16,182.44,173.41,146.81,148.06,133.59,162.94,135.91,132.54,154.21
275,180.26,195.41,187.94,182.29,173.36,146.59,147.64,133.56,162.56,136.06,132.54,153.49
276,179.61,195.09,187.71,182.14,173.31,146.36,147.26,133.56,162.11,136.16,132.44,152.81
277,178.89,194.74,187.46,181.99,173.24,146.09,146.89,133.56,161.74,136.26,132.34,152.09
278,178.21,194.34,187.24,181.84,173.14,145.86,146.51,133.54,161.36,136.31,132.34,151.39
279,177.56,193.99,187.01,181.66,173.01,145.64,146.11,133.59,160.99,136.36,132.16,150.61
280,176.89,193.64,186.79,181.51,172.91,145.41,145.76,133.56,160.56,136.41,131.94,149.84
281,176.16,193.31,186.54,181.31,172.79,145.16,145.41,133.59,160.21,136.46,131.94,149.11
282,175.54,192.91,186.29,181.16,172.66,144.94,145.06,133.54,159.84,136.46,131.81,148.41
283,174.91,192.56,186.06,181.01,172.51,144.71,144.69,133.56,159.49,136.46,131.51,147.74
284,174.31,192.21,185.84,180.84,172.39,144.51,144.34,133.54,159.09,136.46,131.31,147.14
285,173.66,191.84,185.59,180.64,172.24,144.29,143.96,133.54,158.71,136.44,131.26,146.46
286,173.01,191.41,185.34,180.49,172.09,144.06,143.61,133.56,158.34,136.44,131.16,145.81
287,172.41,191.01,185.09,180.34,171.91,143.86,143.24,133.56,157.96,136.41,130.84,145.09
288,171.81,190.64,184.86,180.19,171.74,143.64,142.84,133.56,157.59,136.39,130.54,144.44
289,171.14,190.26,184.64,179.99,171.59,143.44,142.51,133.56,157.19,136.36,130.29,143.84
290,170.56,189.81,184.36,179.84,171.41,143.19,142.19,133.56,156.84,136.36,129.96,143.21
291,169.96,189.44,184.14,179.69,171.24,142.99,141.84,133.51,156.49,136.34,129.59,142.49
292,169.36,189.04,183.91,179.49,171.01,142.79,141.44,133.51,156.11,136.29,129.16,141.81
293,168.71,188.64,183.69,179.29,170.84,142.56,141.14,133.51,155.71,136.24,128.69,141.19
294,168.09,188.19,183.41,179.11,170.66,142.34,140.81,133.54,155.39,136.21,128.19,140.56
295,167.49,187.81,183.16,178.94,170.51,142.14,140.49,133.54,155.01,136.19,127.61,139.89
296,166.94,187.41,182.91,178.79,170.31,141.94,140.16,133.51,154.66,136.14,126.91,139.29
297,166.31,187.01,182.66,178.61,170.14,141.74,139.86,133.54,154.24,136.06,126.39,138.74
298,165.74,186.61,182.39,178.41,169.99,141.51,139.64,133.54,153.89,136.01,125.96,138.21
299,165.14,186.14,182.14,178.24,169.81,141.31,139.44,133.51,153.54,135.96,125.41,137.61
300,164.54,185.71,181.86,178.09,169.64,141.11,139.29,133.54,153.19,135.86,125.01,137.01
301,164.01,185.34,181.61,177.91,169.46,140.89,139.21,133.59,152.81,135.79,124.51,136.44
302,163.41,184.94,181.31,177.74,169.31,140.66,139.21,133.59,152.46,135.71,124.21,135.89
303,162.81,184.44,181.06,177.56,169.16,140.44,139.34,133.61,152.11,135.66,123.74,135.26
304,162.26,183.99,180.81,177.36,168.99,140.24,139.64,133.59,151.79,135.56,123.01,134.64
305,161.71,183.54,180.56,177.21,168.81,140.01,139.96,133.59,151.41,135.51,122.46,134.04
306,161.11,183.11,180.26,177.01,168.66,139.79,140.34,133.59,151.11,135.41,121.76,133.44
307,160.56,182.61,179.99,176.86,168.51,139.56,140.69,133.61,150.79,135.36,120.96,132.86
308,160.01,182.19,179.74,176.69,168.34,139.34,140.99,133.61,150.46,135.29,120.39,132.21
309,159.46,181.76,179.49,176.51,168.16,139.14,141.19,133.61,150.11,135.24,119.79,131.69
310,158.89,181.34,179.19,176.34,167.99,138.89,141.34,133.61,149.81,135.21,119.34,131.14
311,158.39,180.84,178.91,176.16,167.84,138.69,141.49,133.61,149.54,135.11,118.74,130.61
312,157.86,180.41,178.66,175.99,167.64,138.46,141.61,133.61,149.24,135.06,117.91,129.91
313,157.29,179.94,178.39,175.81,167.49,138.24,141.69,133.61,148.94,135.01,117.21,129.34
314,156.71,179.49,178.09,175.64,167.34,138.01,141.76,133.64,148.71,134.94,116.59,128.84
315,156.24,179.01,177.81,175.46,167.16,137.79,141.79,133.61,148.46,134.86,115.99,128.29
316,155.76,178.56,177.54,175.31,166.99,137.56,141.81,133.61,148.24,134.81,115.34,127.66
317,155.24,178.11,177.24,175.14,166.84,137.36,141.81,133.59,148.01,134.74,114.74,127.11
318,154.64,177.69,176.96,174.94,166.66,137.14,141.84,133.56,147.79,134.64,113.99,126.56
319,154.09,177.19,176.64,174.76,166.51,136.89,141.81,133.56,147.59,134.59,113.44,126.01
320,153.59,176.76,176.36,174.59,166.34,136.66,141.79,133.56,147.41,134.51,112.84,125.36
321,153.09,176.34,176.06,174.41,166.16,136.44,141.74,133.56,147.26,134.46,112.14,124.81
322,152.54,175.89,175.79,174.24,165.99,136.24,141.71,133.56,147.09,134.36,111.76,124.29
323,152.04,175.36,175.46,174.06,165.81,135.99,141.66,133.56,146.94,134.34,111.29,123.76
324,151.54,174.91,175.19,173.89,165.64,135.79,141.61,133.51,146.81,134.31,110.74,123.14
325,151.01,174.46,174.89,173.71,165.44,135.59,141.54,133.51,146.69,134.26,110.14,122.64
326,150.46,174.04,174.61,173.54,165.26,135.39,141.46,133.51,146.56,134.24,109.64,122.16
327,149.96,173.59,174.29,173.34,165.09,135.14,141.41,133.54,146.46,134.21,108.99,121.66
328,149.49,173.09,173.99,173.16,164.91,134.94,141.34,133.51,146.36,134.19,108.34,121.09
329,149.01,172.66,173.71,172.99,164.71,134.71,141.26,133.51,146.29,134.14,107.66,120.61
330,148.56,172.21,173.41,172.84,164.54,134.51,141.19,133.51,146.21,134.11,107.21,120.09
331,148.01,171.79,173.09,172.61,164.39,134.29,141.11,133.51,146.14,134.09,106.76,119.59
332,147.56,171.29,172.79,172.44,164.21,134.06,140.99,133.51,146.09,134.06,106.39,118.96
333,147.09,170.81,172.49,172.26,164.01,133.86,140.89,133.46,146.01,134.04,105.81,118.46
334,146.64,170.36,172.21,172.06,163.84,133.66,140.79,133.46,145.99,133.99,105.14,118.01
335,146.11,169.89,171.86,171.86,163.66,133.46,140.66,133.44,145.96,133.91,104.61,117.56
336,145.69,169.36,171.59,171.69,163.49,133.26,140.54,133.44,145.94,133.89,104.09,117.11
337,145.16,168.91,171.29,171.51,163.29,133.06,140.41,133.46,145.89,133.84,103.46,116.64
338,144.71,168.46,170.99,171.31,163.11,132.86,140.29,133.46,145.86,133.84,103.06,116.21
339,144.19,167.99,170.66,171.11,162.94,132.64,140.16,133.46,145.81,133.79,102.59,115.71
340,143.71,167.46,170.36,170.91,162.76,132.44,140.01,133.46,145.76,133.71,102.16,115.26
341,143.24,167.01,170.04,170.71,162.56,132.24,139.86,133.44,145.71,133.69,,114.74
342,142.79,166.59,169.74,170.51,162.36,132.04,139.74,133.46,145.66,133.64,,114.31
343,142.29,166.14,169.41,170.31,162.19,131.81,139.61,133.46,145.59,133.61,,113.89
344,141.84,165.64,169.09,170.14,162.01,131.64,139.46,133.46,145.54,133.56,,113.44
345,141.41,165.19,168.76,169.94,161.79,131.44,139.31,133.41,145.51,133.49,,112.99
346,140.99,164.74,168.46,169.74,161.61,131.29,139.16,133.39,145.44,133.46,,112.59
347,140.51,164.29,168.16,169.51,161.44,131.14,139.04,133.39,145.36,133.36,,112.16
348,140.06,163.79,167.79,169.31,161.24,131.01,138.89,133.41,145.31,133.31,,111.74
349,139.64,163.34,167.49,169.11,161.04,130.96,138.76,133.41,145.26,133.24,,111.21
350,139.21,162.89,167.19,168.91,160.86,130.99,138.61,133.39,145.19,133.19,,110.74
351,138.74,162.44,166.91,168.69,160.69,131.06,138.46,133.41,145.14,133.11,,110.29
352,138.29,161.94,166.56,168.51,160.49,131.19,138.31,133.39,145.06,133.01,,109.89
353,137.86,161.51,166.24,168.31,160.31,131.36,138.19,133.39,144.96,132.91,,109.41
354,137.46,161.06,165.91,168.11,160.11,131.56,138.04,133.39,144.89,132.84,,
355,136.96,160.64,165.61,167.91,159.91,131.76,137.89,133.36,144.81,132.74,,
356,136.54,160.14,165.26,167.71,159.74,131.99,137.76,133.34,144.76,132.61,,
357,136.16,159.69,164.94,167.49,159.56,132.19,137.61,133.34,144.69,132.51,,
358,135.74,159.26,164.61,167.29,159.36,132.36,137.46,133.31,144.59,132.41,,
359,135.36,158.84,164.31,167.09,159.19,132.51,137.34,133.29,144.51,132.29,,
360,134.91,158.39,163.96,166.86,159.01,132.69,137.19,133.26,144.44,132.11,,
361,134.49,157.89,163.64,166.66,158.84,132.81,137.06,133.26,144.36,131.94,,
362,134.06,157.49,163.31,166.46,158.64,132.96,136.91,133.21,144.26,131.76,,
363,133.66,157.06,163.01,166.26,158.46,133.06,136.79,133.19,144.16,131.59,,
364,133.24,156.61,162.64,166.04,158.26,133.16,136.66,133.19,144.06,131.34,,
365,132.81,156.14,162.31,165.84,158.09,133.24,136.51,133.19,143.96,131.09,,
366,132.39,155.71,161.99,165.61,157.86,133.31,136.36,133.16,143.89,130.79,,
367,131.99,155.26,161.66,165.41,157.69,133.39,136.24,133.14,143.79,130.39,,
368,131.54,154.84,161.29,165.19,157.49,133.46,136.09,133.14,143.69,129.84,,
369,131.14,154.34,160.96,164.99,157.31,133.51,135.94,133.14,143.59,129.31,,
370,130.74,153.91,160.64,164.79,157.09,133.56,135.79,133.11,143.49,128.69,,
371,130.36,153.46,160.31,164.56,156.91,133.61,135.64,133.09,143.39,128.04,,
372,129.91,152.99,159.96,164.34,156.71,133.66,135.49,133.06,143.29,127.26,,
373,129.51,152.46,159.61,164.11,156.54,133.69,135.36,133.04,143.19,126.64,,
374,129.16,152.04,159.29,163.89,156.31,133.74,135.19,133.04,143.11,126.01,,
375,128.79,151.54,158.94,163.69,156.14,133.76,135.06,133.01,143.01,125.41,,
376,128.34,151.09,158.59,163.46,155.94,133.79,134.91,132.96,142.91,124.74,,
377,127.96,150.59,158.26,163.24,155.76,133.81,134.81,132.94,142.81,124.04,,
378,127.59,150.14,157.96,163.04,155.54,133.84,134.66,132.89,142.71,123.11,,
379,127.24,149.71,157.66,162.84,155.36,133.86,134.54,132.89,142.59,122.19,,
380,126.79,149.29,157.34,162.61,155.16,133.89,134.39,132.89,142.49,121.14,,
381,126.41,148.81,156.96,162.39,154.96,133.91,134.24,132.86,142.36,120.21,,
382,126.01,148.41,156.61,162.16,154.79,133.91,134.11,132.84,142.26,119.41,,
383,125.66,147.96,156.26,161.96,154.56,133.94,133.94,132.81,142.16,118.66,,
384,125.24,147.56,155.94,161.74,154.39,133.96,133.81,132.76,142.04,117.84,,
385,124.89,147.04,155.56,161.49,154.19,133.99,133.69,132.74,141.91,117.16,,
386,124.51,146.64,155.24,161.26,153.99,133.99,133.56,132.71,141.79,116.49,,
387,124.16,146.24,154.91,161.06,153.76,134.01,133.41,132.69,141.69,115.84,,
388,123.74,145.81,154.61,160.84,153.56,134.01,133.31,132.66,141.56,115.19,,
389,123.36,145.36,154.24,160.59,153.36,134.04,133.19,132.59,141.46,114.51,,
390,123.01,144.91,153.91,160.36,153.16,134.06,133.09,132.59,141.34,113.91,,
391,122.66,144.51,153.56,160.16,152.94,134.06,132.94,132.54,141.21,113.34,,
392,122.31,144.11,153.24,159.94,152.74,134.06,132.84,132.49,141.09,112.79,,
393,121.94,143.71,152.86,159.69,152.54,134.09,132.71,132.46,140.99,112.16,,
394,121.61,143.26,152.51,159.49,152.34,134.09,132.59,132.41,140.89,111.64,,
395,121.24,142.84,152.19,159.26,152.09,134.11,132.44,132.36,140.79,111.09,,
396,120.89,142.44,151.81,159.06,151.91,134.11,132.34,132.29,140.66,110.56,,
397,120.49,142.06,151.41,158.81,151.69,134.11,132.24,132.21,140.54,109.99,,
398,120.14,141.61,151.09,158.59,151.49,134.11,132.16,132.16,140.41,109.49,,
399,119.76,141.21,150.74,158.36,151.26,134.11,132.06,132.11,140.31,109.01,,
400,119.41,140.81,150.39,158.16,151.06,134.11,131.96,132.06,140.16,108.54,,
401,119.04,140.44,150.04,157.91,150.86,134.11,131.89,131.96,140.06,107.99,,
402,118.66,139.99,149.69,157.69,150.64,134.11,131.81,131.89,139.96,107.49,,
403,118.31,139.59,149.36,157.46,150.41,134.11,131.76,131.76,139.86,107.04,,
404,117.96,139.21,149.04,157.24,150.21,134.11,131.71,131.64,139.71,106.54,,
405,117.59,138.84,148.64,156.99,150.01,134.11,131.66,131.51,139.61,106.01,,
406,117.26,138.41,148.34,156.76,149.81,134.11,131.61,131.39,139.49,105.54,,
407,116.91,138.06,147.99,156.56,149.59,134.11,131.64,131.26,139.39,105.04,,
408,116.59,137.69,147.69,156.31,149.39,134.11,131.66,131.16,139.26,104.59,,
409,116.19,137.34,147.34,156.09,149.19,134.11,131.71,131.06,139.14,104.09,,
410,115.86,136.91,146.99,155.84,148.99,134.11,131.76,130.99,139.06,103.64,,
411,115.51,136.51,146.64,155.64,148.76,134.14,131.81,130.86,138.94,103.19,,
412,115.19,136.09,146.29,155.41,148.54,134.14,131.91,130.76,138.81,102.74,,
413,114.81,135.66,145.96,155.19,148.34,134.14,131.99,130.66,138.71,102.24,,
414,114.49,135.19,145.61,154.94,148.14,134.14,132.06,130.56,138.59,101.79,,
415,,134.81,145.26,154.71,147.91,134.14,132.16,130.39,138.46,101.31,,
416,,134.44,144.94,154.49,147.69,134.16,132.29,130.26,138.36,100.89,,
417,,134.06,144.61,154.26,147.49,134.16,132.39,130.09,138.24,100.46,,
418,,133.61,144.24,153.99,147.26,134.16,132.49,129.89,138.14,99.94,,
419,,133.24,143.94,153.76,147.09,134.16,132.59,129.74,138.04,99.54,,
420,,132.89,143.64,153.54,146.84,134.19,132.69,129.56,137.94,99.16,,
421,,132.54,143.34,153.31,146.61,134.19,132.79,129.41,137.81,98.71,,
422,,132.14,142.99,153.06,146.41,134.19,132.84,129.26,137.71,98.24,,
423,,131.74,142.64,152.84,146.19,134.19,132.94,129.09,137.61,97.84,,
424,,131.39,142.34,152.61,145.96,134.16,133.06,128.94,137.51,97.41,,
425,,131.06,142.04,152.41,145.74,134.19,133.16,128.79,137.41,97.04,,
426,,130.71,141.71,152.14,145.51,134.19,133.24,128.61,137.31,96.59,,
427,,130.34,141.39,151.91,145.29,134.19,133.29,128.46,137.21,96.19,,
428,,129.99,141.09,151.66,145.06,134.16,133.39,128.29,137.14,95.81,,
429,,129.61,140.79,151.44,144.84,134.16,133.44,128.14,137.06,95.44,,
430,,129.26,140.41,151.19,144.64,134.16,133.49,127.96,136.96,95.01,,
431,,128.86,140.09,150.96,144.41,134.16,133.54,127.76,136.89,94.61,,
432,,128.51,139.79,150.74,144.16,134.16,133.59,127.54,136.81,94.24,,
433,,128.16,139.46,150.51,143.96,134.16,133.66,127.39,136.74,93.89,,
434,,127.79,139.09,150.24,143.76,134.16,133.71,127.21,136.66,93.46,,
435,,127.36,138.76,149.99,143.54,134.16,133.76,127.09,136.59,93.06,,
436,,127.01,138.41,149.76,143.31,134.16,133.81,126.89,136.51,92.74,,
437,,126.66,138.09,149.54,143.09,134.16,133.86,126.74,136.46,92.39,,
438,,126.31,137.71,149.31,142.89,134.14,133.89,126.59,136.41,91.99,,
439,,125.94,137.39,149.09,142.69,134.14,133.91,126.39,136.36,,,
440,,125.64,137.09,148.84,142.44,134.14,133.94,126.19,136.34,,,
441,,125.26,136.76,148.64,142.24,134.11,134.01,126.01,136.29,,,
442,,124.94,136.46,148.41,142.04,134.11,134.04,125.84,136.29,,,
443,,124.59,136.14,148.16,141.84,134.11,134.06,125.69,136.26,,,
444,,124.26,135.84,147.91,141.64,134.09,134.09,125.49,136.24,,,
445,,123.96,135.54,147.69,141.39,134.09,134.11,125.31,136.24,,,
446,,123.71,135.24,147.46,141.19,134.09,134.14,125.06,136.26,,,
447,,123.44,134.89,147.21,140.99,134.09,134.16,124.86,136.26,,,
448,,123.21,134.61,146.99,140.79,134.06,134.16,124.61,136.29,,,
449,,123.04,134.29,146.76,140.56,134.06,134.16,124.36,136.31,,,
450,,122.89,133.99,146.51,140.34,134.06,134.19,124.09,136.34,,,
451,,122.74,133.64,146.26,140.14,134.06,134.24,123.86,136.36,,,
452,,122.56,133.34,146.04,139.94,134.04,134.24,123.59,136.41,,,
453,,122.39,133.06,145.81,139.74,134.04,134.26,123.31,136.44,,,
454,,122.16,132.79,145.59,139.54,134.04,134.29,123.04,136.49,,,
455,,121.96,132.44,145.31,139.36,134.01,134.31,122.76,136.54,,,
456,,121.69,132.14,145.09,139.16,134.01,134.31,122.46,136.56,,,
457,,121.44,131.86,144.86,138.94,134.01,134.34,122.16,136.59,,,
458,,121.16,131.56,144.64,138.74,133.99,134.36,121.91,136.64,,,
459,,120.81,131.24,144.39,138.54,133.99,134.36,121.64,136.66,,,
460,,120.44,130.94,144.16,138.31,133.96,134.36,121.36,136.69,,,
461,,120.11,130.66,143.91,138.09,133.96,134.39,121.04,136.69,,,
462,,119.76,130.36,143.69,137.91,133.94,134.39,120.74,136.69,,,
463,,119.44,130.06,143.44,137.71,133.91,134.39,120.44,136.71,,,
464,,119.06,129.76,143.21,137.49,133.91,134.41,120.11,136.71,,,
465,,118.76,129.49,142.99,137.26,133.91,134.41,119.69,136.71,,,
466,,118.41,129.21,142.76,137.06,133.91,134.41,119.26,136.71,,,
467,,118.09,128.89,142.51,136.84,133.89,134.44,118.79,136.71,,,
468,,117.71,128.61,142.29,136.61,133.89,134.46,118.29,136.71,,,
469,,117.39,128.36,142.06,136.39,133.86,134.46,117.74,136.71,,,
470,,117.04,128.11,141.84,136.19,133.84,134.46,117.26,136.71,,,
471,,116.71,127.94,141.59,135.99,133.84,134.46,116.81,136.69,,,
472,,116.34,127.84,141.34,135.76,133.81,134.49,116.39,136.69,,,
473,,115.99,127.84,141.11,135.56,133.79,134.49,115.89,136.66,,,
474,,115.66,127.91,140.89,135.31,133.76,134.51,115.44,136.66,,,
475,,115.36,128.09,140.66,135.09,133.71,134.51,114.99,136.66,,,
476,,115.01,128.36,140.41,134.84,133.69,134.51,114.56,136.64,,,
477,,114.69,128.64,140.16,134.61,133.69,134.54,114.06,136.64,,,
478,,114.36,128.91,139.96,134.39,133.66,134.54,113.64,136.61,,,
479,,114.04,129.16,139.71,134.16,133.64,134.56,113.21,136.59,,,
480,,113.69,129.41,139.49,133.94,133.61,134.56,112.79,136.59,,,
481,,113.39,129.59,139.26,133.74,133.61,134.56,112.31,136.59,,,
482,,113.06,129.74,139.04,133.51,133.56,134.59,111.89,136.56,,,
483,,112.76,129.84,138.81,133.31,133.54,134.59,111.44,136.54,,,
484,,112.44,129.96,138.56,133.11,133.49,134.59,111.04,136.51,,,
485,,112.06,130.01,138.34,132.91,133.44,134.61,110.61,136.51,,,
486,,111.74,130.09,138.11,132.69,133.41,134.59,110.24,136.49,,,
487,,111.41,130.14,137.89,132.49,133.36,134.61,109.84,136.46,,,
488,,111.11,130.14,137.64,132.29,133.29,134.59,109.41,136.44,,,
489,,110.76,130.14,137.41,132.09,133.24,134.59,109.01,136.44,,,
490,,110.44,130.14,137.19,131.89,133.19,134.59,108.51,136.41,,,
491,,110.16,130.09,136.96,131.69,133.14,134.59,108.09,136.39,,,
492,,109.84,130.09,136.69,131.49,133.09,134.59,107.69,136.36,,,
493,,109.51,130.06,136.49,131.29,133.04,134.59,107.26,136.34,,,
494,,109.21,129.99,136.26,131.06,132.96,134.61,106.76,136.31,,,
495,,108.94,129.91,136.01,130.89,132.89,134.61,106.34,136.29,,,
496,,108.66,129.81,135.79,130.71,132.81,134.64,105.91,136.26,,,
497,,108.36,129.74,135.56,130.56,132.71,134.66,105.51,136.24,,,
498,,108.09,129.66,135.36,130.41,132.61,134.66,105.04,136.21,,,
499,,107.81,129.56,135.14,130.31,132.51,134.66,104.64,136.19,,,
500,,107.54,129.44,134.89,130.29,132.41,134.66,104.26,136.14,,,
501,,,129.24,134.66,130.29,132.26,134.69,103.89,136.11,,,
502,,,129.06,134.44,130.36,132.11,134.69,103.49,136.09,,,
503,,,128.84,134.21,130.46,131.94,134.66,103.11,136.04,,,
504,,,128.61,133.96,130.59,131.76,134.66,102.71,136.01,,,
505,,,128.29,133.71,130.71,131.51,134.66,102.31,135.99,,,
506,,,127.99,133.51,130.86,131.29,134.66,101.91,135.96,,,
507,,,127.69,133.29,131.01,131.01,134.66,101.51,135.94,,,
508,,,127.34,133.09,131.14,130.71,134.64,101.16,135.94,,,
509,,,126.96,132.86,131.26,130.34,134.64,100.79,135.91,,,
510,,,126.56,132.64,131.36,129.96,134.64,100.36,135.89,,,
511,,,126.19,132.44,131.49,129.56,134.66,99.96,135.86,,,
512,,,125.81,132.24,131.56,129.11,134.66,99.64,135.84,,,
513,,,125.36,131.96,131.64,128.51,134.66,99.31,135.81,,,
514,,,124.96,131.74,131.71,127.89,134.66,98.91,135.79,,,
515,,,124.59,131.54,131.79,127.21,134.66,,135.76,,,
516,,,124.21,131.31,131.84,126.56,134.69,,135.76,,,
517,,,123.81,131.09,131.86,125.81,134.69,,135.74,,,
518,,,123.44,130.86,131.91,125.19,134.69,,135.74,,,
519,,,123.06,130.69,131.94,124.64,134.69,,135.71,,,
520,,,122.71,130.49,131.96,124.11,134.69,,135.69,,,
521,,,122.26,130.29,131.99,123.56,134.69,,135.69,,,
522,,,121.91,130.14,132.01,123.06,134.71,,135.66,,,
523,,,121.54,130.06,132.04,122.61,134.71,,135.64,,,
524,,,121.19,130.01,132.04,122.16,134.71,,135.61,,,
525,,,120.79,130.06,132.06,121.71,134.71,,135.59,,,
526,,,120.44,130.14,132.09,121.24,134.74,,135.56,,,
527,,,120.11,130.29,132.09,120.79,134.74,,135.54,,,
528,,,119.79,130.46,132.09,120.34,134.74,,135.51,,,
529,,,119.41,130.69,132.11,119.94,134.74,,135.51,,,
530,,,119.06,130.89,132.11,119.46,134.76,,135.49,,,
531,,,118.71,131.06,132.14,119.01,134.76,,135.49,,,
532,,,118.36,131.26,132.14,118.61,134.76,,135.46,,,
533,,,117.99,131.41,132.14,118.19,134.76,,135.46,,,
534,,,117.61,131.56,132.16,117.74,134.74,,135.44,,,
535,,,117.26,131.69,132.16,117.34,134.74,,135.41,,,
536,,,116.91,131.81,132.19,116.94,134.74,,135.41,,,
537,,,116.61,131.89,132.16,116.54,134.74,,135.39,,,
538,,,116.24,131.99,132.16,116.09,134.74,,135.36,,,
539,,,115.91,132.06,132.16,115.71,134.74,,135.34,,,
540,,,115.59,132.11,132.16,115.36,134.79,,135.34,,,
541,,,115.26,132.16,132.16,114.99,134.79,,135.31,,,
542,,,114.91,132.24,132.16,114.54,134.76,,135.31,,,
543,,,114.59,132.26,132.14,114.16,134.74,,135.29,,,
544,,,114.26,132.31,132.14,113.79,134.74,,135.26,,,
545,,,113.94,132.36,132.14,113.41,134.74,,135.24,,,
546,,,113.59,132.41,132.14,112.99,134.71,,135.21,,,
547,,,113.26,132.44,132.11,112.64,134.71,,135.21,,,
548,,,112.94,132.46,132.11,112.24,134.71,,135.19,,,
549,,,112.61,132.49,132.09,111.89,134.71,,135.16,,,
550,,,112.26,132.51,132.09,111.46,134.71,,135.16,,,
551,,,111.96,132.51,132.06,111.11,134.71,,135.14,,,
552,,,111.66,132.51,132.06,110.76,134.71,,135.14,,,
553,,,111.36,132.54,132.04,110.39,134.69,,135.11,,,
554,,,,132.54,132.04,109.96,134.69,,135.09,,,
555,,,,132.54,132.01,109.64,134.69,,135.06,,,
556,,,,132.56,131.99,109.26,134.69,,135.06,,,
557,,,,132.56,131.96,108.91,134.71,,135.04,,,
558,,,,132.56,131.96,108.54,134.71,,135.01,,,
559,,,,132.56,131.94,108.14,134.71,,135.01,,,
560,,,,132.56,131.91,107.81,134.71,,135.01,,,
561,,,,132.59,131.91,107.49,134.71,,134.99,,,
562,,,,132.59,131.89,107.16,134.69,,134.96,,,
563,,,,132.56,131.89,106.76,134.69,,134.96,,,
564,,,,132.56,131.86,106.41,134.69,,134.96,,,
565,,,,132.56,131.86,106.09,134.71,,134.94,,,
566,,,,132.56,131.84,105.74,134.69,,134.91,,,
567,,,,132.56,131.84,105.36,134.69,,134.91,,,
568,,,,132.59,131.84,105.01,134.69,,134.89,,,
569,,,,132.56,131.81,104.69,134.69,,134.89,,,
570,,,,132.56,131.79,104.36,134.66,,134.86,,,
571,,,,132.56,131.79,104.01,134.69,,134.84,,,
572,,,,132.54,131.76,103.69,134.69,,134.81,,,
573,,,,132.54,131.76,103.36,134.69,,134.81,,,
574,,,,132.54,131.74,103.06,134.69,,134.79,,,
575,,,,132.51,131.74,102.71,134.69,,134.76,,,
576,,,,132.49,131.71,102.36,134.69,,134.74,,,
577,,,,132.46,131.71,102.01,134.69,,134.71,,,
578,,,,132.44,131.69,,134.69,,134.69,,,
579,,,,132.44,131.66,,134.69,,134.66,,,
580,,,,132.44,131.64,,134.69,,134.64,,,
581,,,,132.46,131.59,,134.69,,134.61,,,
582,,,,132.44,131.59,,134.66,,134.61,,,
583,,,,132.44,131.56,,134.66,,134.59,,,
584,,,,132.41,131.54,,134.66,,134.59,,,
585,,,,132.41,131.51,,134.66,,134.56,,,
586,,,,132.41,131.49,,134.66,,134.56,,,
587,,,,132.41,131.49,,134.66,,134.54,,,
588,,,,132.39,131.46,,134.66,,134.54,,,
589,,,,132.36,131.44,,134.66,,134.54,,,
590,,,,132.34,131.39,,134.64,,134.51,,,
591,,,,132.29,131.36,,134.64,,134.49,,,
592,,,,132.24,131.34,,134.64,,134.46,,,
593,,,,132.21,131.31,,134.66,,134.44,,,
594,,,,132.16,131.29,,134.66,,134.41,,,
595,,,,132.11,131.26,,134.66,,134.39,,,
596,,,,132.06,131.21,,134.66,,134.36,,,
597,,,,132.01,131.19,,134.64,,134.36,,,
598,,,,131.96,131.14,,134.61,,134.36,,,
599,,,,131.91,131.11,,134.61,,134.34,,,
600,,,,131.86,131.06,,134.61,,134.31,,,
601,,,,131.79,131.04,,134.61,,134.31,,,
602,,,,131.74,130.99,,134.61,,134.29,,,
603,,,,131.64,130.96,,134.61,,134.26,,,
604,,,,131.56,130.94,,134.61,,134.26,,,
605,,,,131.46,130.91,,134.59,,134.26,,,
606,,,,131.36,130.86,,134.59,,134.24,,,
607,,,,131.26,130.84,,134.56,,134.24,,,
608,,,,131.11,130.79,,134.56,,134.21,,,
609,,,,130.99,130.74,,134.54,,134.19,,,
610,,,,130.84,130.66,,134.51,,134.16,,,
611,,,,130.69,130.61,,134.51,,134.16,,,
612,,,,130.49,130.56,,134.51,,134.14,,,
613,,,,130.29,130.49,,134.49,,134.14,,,
614,,,,130.06,130.41,,134.49,,134.11,,,
615,,,,129.84,130.34,,134.49,,134.11,,,
616,,,,129.54,130.26,,134.51,,134.11,,,
617,,,,129.24,130.19,,134.51,,134.11,,,
618,,,,128.89,130.09,,134.51,,134.09,,,
619,,,,128.46,130.04,,134.51,,134.06,,,
620,,,,128.04,129.94,,134.49,,134.04,,,
621,,,,127.54,129.86,,134.49,,134.04,,,
622,,,,127.09,129.76,,134.46,,134.01,,,
623,,,,126.66,129.64,,134.44,,134.01,,,
624,,,,126.26,129.51,,134.46,,133.99,,,
625,,,,125.84,129.36,,134.44,,133.99,,,
626,,,,125.49,129.21,,134.46,,133.99,,,
627,,,,125.14,129.06,,134.44,,133.96,,,
628,,,,124.81,128.89,,134.46,,133.96,,,
629,,,,124.41,128.74,,134.44,,133.96,,,
630,,,,124.06,128.54,,134.44,,133.94,,,
631,,,,123.74,128.34,,134.44,,133.94,,,
632,,,,123.39,128.11,,134.46,,133.94,,,
633,,,,122.99,127.91,,134.46,,133.94,,,
634,,,,122.66,127.71,,134.44,,133.91,,,
635,,,,122.34,127.44,,134.44,,133.89,,,
636,,,,122.01,127.19,,134.44,,133.89,,,
637,,,,121.64,126.94,,134.41,,133.89,,,
638,,,,121.34,126.66,,134.39,,133.89,,,
639,,,,121.01,126.36,,134.39,,133.86,,,
640,,,,120.71,126.06,,134.39,,133.86,,,
641,,,,120.36,125.79,,134.36,,133.84,,,
642,,,,120.09,125.51,,134.39,,133.84,,,
643,,,,119.79,125.19,,134.36,,133.84,,,
644,,,,119.49,124.86,,134.36,,133.81,,,
645,,,,119.14,124.56,,134.36,,133.81,,,
646,,,,118.81,124.24,,134.36,,133.81,,,
647,,,,118.49,123.86,,134.34,,133.81,,,
648,,,,118.19,123.51,,134.34,,133.81,,,
649,,,,117.84,123.14,,134.34,,133.81,,,
650,,,,117.54,122.81,,134.31,,133.79,,,
651,,,,117.26,122.44,,134.31,,133.79,,,
652,,,,116.94,122.11,,134.29,,133.76,,,
653,,,,116.64,121.79,,134.24,,133.76,,,
654,,,,116.29,121.44,,134.21,,133.76,,,
655,,,,115.99,121.11,,134.21,,133.76,,,
656,,,,115.69,120.74,,134.21,,133.76,,,
657,,,,115.39,120.41,,134.19,,133.74,,,
658,,,,115.04,120.11,,134.19,,133.74,,,
659,,,,114.74,119.79,,134.16,,133.74,,,
660,,,,114.44,119.41,,134.14,,133.71,,,
661,,,,114.14,119.11,,134.11,,133.71,,,
662,,,,113.81,118.79,,134.11,,133.71,,,
663,,,,113.51,118.46,,134.09,,133.71,,,
664,,,,113.21,118.06,,134.06,,133.69,,,
665,,,,112.91,117.74,,134.04,,133.66,,,
666,,,,112.59,117.41,,134.01,,133.66,,,
667,,,,112.29,117.09,,133.99,,133.64,,,
668,,,,111.99,116.71,,133.96,,133.64,,,
669,,,,111.71,116.39,,133.96,,133.64,,,
670,,,,111.39,116.09,,133.94,,133.61,,,
671,,,,111.09,115.81,,133.91,,133.61,,,
672,,,,110.81,115.49,,133.86,,133.61,,,
673,,,,110.54,115.19,,133.84,,133.61,,,
674,,,,110.21,114.89,,133.81,,133.61,,,
675,,,,109.96,114.61,,133.81,,133.59,,,
676,,,,109.69,114.29,,133.76,,133.59,,,
677,,,,109.41,113.99,,133.74,,133.59,,,
678,,,,109.09,113.71,,133.71,,133.59,,,
679,,,,108.81,113.44,,133.69,,133.56,,,
680,,,,108.54,113.11,,133.66,,133.56,,,
681,,,,108.26,112.81,,133.64,,133.56,,,
682,,,,107.99,112.51,,133.56,,133.54,,,
683,,,,107.69,112.21,,133.54,,133.56,,,
684,,,,107.41,111.91,,133.51,,133.54,,,
685,,,,107.14,111.56,,133.46,,133.54,,,
686,,,,106.86,111.24,,133.41,,133.51,,,
687,,,,106.54,110.91,,133.39,,133.51,,,
688,,,,106.26,110.59,,133.36,,133.51,,,
689,,,,106.01,110.29,,133.31,,133.51,,,
690,,,,105.74,109.99,,133.24,,133.51,,,
691,,,,105.41,109.69,,133.19,,133.49,,,
692,,,,105.14,109.36,,133.14,,133.49,,,
693,,,,104.89,109.04,,133.09,,133.49,,,
694,,,,104.61,108.76,,133.04,,133.49,,,
695,,,,104.31,108.46,,132.96,,133.46,,,
696,,,,104.06,108.19,,132.89,,133.46,,,
697,,,,,107.86,,132.81,,133.44,,,
698,,,,,107.59,,132.71,,133.44,,,
699,,,,,107.31,,132.61,,133.44,,,
700,,,,,107.01,,132.51,,133.44,,,
701,,,,,106.69,,132.41,,133.41,,,
702,,,,,106.44,,132.31,,133.41,,,
703,,,,,106.14,,132.21,,133.41,,,
704,,,,,105.86,,132.06,,133.41,,,
705,,,,,105.54,,131.89,,133.39,,,
706,,,,,,,131.71,,133.39,,,
707,,,,,,,131.51,,133.39,,,
708,,,,,,,131.29,,133.39,,,
709,,,,,,,131.04,,133.36,,,
710,,,,,,,130.81,,133.36,,,
711,,,,,,,130.54,,133.34,,,
712,,,,,,,130.29,,133.34,,,
713,,,,,,,129.96,,133.31,,,
714,,,,,,,129.66,,133.31,,,
715,,,,,,,129.34,,133.29,,,
716,,,,,,,129.01,,133.29,,,
717,,,,,,,128.64,,133.29,,,
718,,,,,,,128.19,,133.29,,,
719,,,,,,,127.74,,133.26,,,
720,,,,,,,127.31,,133.26,,,
721,,,,,,,126.86,,133.24,,,
722,,,,,,,126.41,,133.24,,,
723,,,,,,,125.96,,133.24,,,
724,,,,,,,125.41,,133.24,,,
725,,,,,,,124.91,,133.24,,,
726,,,,,,,124.41,,133.24,,,
727,,,,,,,124.01,,133.21,,,
728,,,,,,,123.64,,133.19,,,
729,,,,,,,123.24,,133.19,,,
730,,,,,,,122.84,,133.19,,,
731,,,,,,,122.46,,133.19,,,
732,,,,,,,122.14,,133.16,,,
733,,,,,,,121.79,,133.16,,,
734,,,,,,,121.41,,133.14,,,
735,,,,,,,121.09,,133.14,,,
736,,,,,,,120.79,,133.11,,,
737,,,,,,,120.46,,133.11,,,
738,,,,,,,120.11,,133.09,,,
739,,,,,,,119.79,,133.09,,,
740,,,,,,,119.46,,133.06,,,
741,,,,,,,119.14,,133.06,,,
742,,,,,,,118.79,,133.06,,,
743,,,,,,,118.46,,133.04,,,
744,,,,,,,118.16,,133.04,,,
745,,,,,,,117.86,,133.01,,,
746,,,,,,,117.51,,133.01,,,
747,,,,,,,117.21,,133.01,,,
748,,,,,,,116.91,,132.99,,,
749,,,,,,,116.61,,132.96,,,
750,,,,,,,116.31,,132.96,,,
751,,,,,,,115.99,,132.94,,,
752,,,,,,,115.69,,132.94,,,
753,,,,,,,115.41,,132.94,,,
754,,,,,,,115.11,,132.94,,,
755,,,,,,,114.76,,132.91,,,
756,,,,,,,114.44,,132.91,,,
757,,,,,,,114.16,,132.91,,,
758,,,,,,,113.89,,132.89,,,
759,,,,,,,113.56,,132.86,,,
760,,,,,,,113.29,,132.84,,,
761,,,,,,,113.04,,132.84,,,
762,,,,,,,112.74,,132.81,,,
763,,,,,,,112.41,,132.81,,,
764,,,,,,,112.14,,132.79,,,
765,,,,,,,111.86,,132.79,,,
766,,,,,,,111.59,,132.76,,,
767,,,,,,,111.29,,132.74,,,
768,,,,,,,111.01,,132.71,,,
769,,,,,,,110.71,,132.69,,,
770,,,,,,,110.44,,132.69,,,
771,,,,,,,110.11,,132.66,,,
772,,,,,,,109.86,,132.64,,,
773,,,,,,,109.59,,132.61,,,
774,,,,,,,109.34,,132.61,,,
775,,,,,,,109.04,,132.61,,,
776,,,,,,,108.74,,132.59,,,
777,,,,,,,,,132.56,,,
778,,,,,,,,,132.56,,,
779,,,,,,,,,132.54,,,
780,,,,,,,,,132.54,,,
781,,,,,,,,,132.51,,,
782,,,,,,,,,132.49,,,
783,,,,,,,,,132.46,,,
784,,,,,,,,,132.44,,,
785,,,,,,,,,132.44,,,
786,,,,,,,,,132.41,,,
787,,,,,,,,,132.39,,,
788,,,,,,,,,132.36,,,
789,,,,,,,,,132.36,,,
790,,,,,,,,,132.34,,,
791,,,,,,,,,132.34,,,
792,,,,,,,,,132.31,,,
793,,,,,,,,,132.26,,,
794,,,,,,,,,132.26,,,
795,,,,,,,,,132.24,,,
796,,,,,,,,,132.21,,,
797,,,,,,,,,132.19,,,
798,,,,,,,,,132.16,,,
799,,,,,,,,,132.16,,,
800,,,,,,,,,132.14,,,
801,,,,,,,,,132.11,,,
802,,,,,,,,,132.06,,,
803,,,,,,,,,132.04,,,
804,,,,,,,,,132.04,,,
805,,,,,,,,,132.01,,,
806,,,,,,,,,131.99,,,
807,,,,,,,,,131.96,,,
808,,,,,,,,,131.94,,,
809,,,,,,,,,131.89,,,
810,,,,,,,,,131.89,,,
811,,,,,,,,,131.84,,,
812,,,,,,,,,131.81,,,
813,,,,,,,,,131.79,,,
814,,,,,,,,,131.76,,,
815,,,,,,,,,131.74,,,
816,,,,,,,,,131.71,,,
817,,,,,,,,,131.69,,,
818,,,,,,,,,131.64,,,
819,,,,,,,,,131.61,,,
820,,,,,,,,,131.59,,,
821,,,,,,,,,131.54,,,
822,,,,,,,,,131.51,,,
823,,,,,,,,,131.49,,,
824,,,,,,,,,131.44,,,
825,,,,,,,,,131.41,,,
826,,,,,,,,,131.36,,,
827,,,,,,,,,131.31,,,
828,,,,,,,,,131.29,,,
829,,,,,,,,,131.24,,,
830,,,,,,,,,131.21,,,
831,,,,,,,,,131.16,,,
832,,,,,,,,,131.11,,,
833,,,,,,,,,131.06,,,
834,,,,,,,,,131.01,,,
835,,,,,,,,,130.94,,,
836,,,,,,,,,130.89,,,
837,,,,,,,,,130.84,,,
838,,,,,,,,,130.79,,,
839,,,,,,,,,130.69,,,
840,,,,,,,,,130.64,,,
841,,,,,,,,,130.56,,,
842,,,,,,,,,130.49,,,
843,,,,,,,,,130.41,,,
844,,,,,,,,,130.34,,,
845,,,,,,,,,130.26,,,
846,,,,,,,,,130.19,,,
847,,,,,,,,,130.11,,,
848,,,,,,,,,130.06,,,
849,,,,,,,,,129.99,,,
850,,,,,,,,,129.91,,,
851,,,,,,,,,129.84,,,
852,,,,,,,,,129.79,,,
853,,,,,,,,,129.71,,,
854,,,,,,,,,129.64,,,
855,,,,,,,,,129.54,,,
856,,,,,,,,,129.49,,,
857,,,,,,,,,129.39,,,
858,,,,,,,,,129.31,,,
859,,,,,,,,,129.24,,,
860,,,,,,,,,129.14,,,
861,,,,,,,,,129.06,,,
862,,,,,,,,,128.99,,,
863,,,,,,,,,128.89,,,
864,,,,,,,,,128.81,,,
865,,,,,,,,,128.71,,,
866,,,,,,,,,128.64,,,
867,,,,,,,,,128.54,,,
868,,,,,,,,,128.44,,,
869,,,,,,,,,128.34,,,
870,,,,,,,,,128.24,,,
871,,,,,,,,,128.14,,,
872,,,,,,,,,128.04,,,
873,,,,,,,,,127.94,,,
874,,,,,,,,,127.81,,,
875,,,,,,,,,127.69,,,
876,,,,,,,,,127.56,,,
877,,,,,,,,,127.44,,,
878,,,,,,,,,127.34,,,
879,,,,,,,,,127.21,,,
880,,,,,,,,,127.09,,,
881,,,,,,,,,126.96,,,
882,,,,,,,,,126.84,,,
883,,,,,,,,,126.71,,,
884,,,,,,,,,126.56,,,
885,,,,,,,,,126.41,,,
886,,,,,,,,,126.29,,,
887,,,,,,,,,126.14,,,
888,,,,,,,,,126.01,,,
889,,,,,,,,,125.84,,,
890,,,,,,,,,125.69,,,
891,,,,,,,,,125.54,,,
892,,,,,,,,,125.36,,,
893,,,,,,,,,125.14,,,
894,,,,,,,,,124.96,,,
895,,,,,,,,,124.79,,,
896,,,,,,,,,124.61,,,
897,,,,,,,,,124.41,,,
898,,,,,,,,,124.21,,,
899,,,,,,,,,123.99,,,
900,,,,,,,,,123.79,,,
901,,,,,,,,,123.54,,,
902,,,,,,,,,123.31,,,
903,,,,,,,,,123.11,,,
904,,,,,,,,,122.86,,,
905,,,,,,,,,122.61,,,
906,,,,,,,,,122.36,,,
907,,,,,,,,,122.11,,,
908,,,,,,,,,121.84,,,
909,,,,,,,,,121.54,,,
910,,,,,,,,,121.26,,,
911,,,,,,,,,120.99,,,
912,,,,,,,,,120.71,,,
913,,,,,,,,,120.41,,,
914,,,,,,,,,120.16,,,
915,,,,,,,,,119.89,,,
916,,,,,,,,,119.61,,,
917,,,,,,,,,119.34,,,
918,,,,,,,,,119.06,,,
919,,,,,,,,,118.81,,,
920,,,,,,,,,118.56,,,
921,,,,,,,,,118.31,,,
922,,,,,,,,,118.01,,,
923,,,,,,,,,117.76,,,
924,,,,,,,,,117.51,,,
925,,,,,,,,,117.24,,,
926,,,,,,,,,116.96,,,
927,,,,,,,,,116.71,,,
928,,,,,,,,,116.46,,,
929,,,,,,,,,116.21,,,
930,,,,,,,,,115.96,,,
931,,,,,,,,,115.69,,,
932,,,,,,,,,115.44,,,
933,,,,,,,,,115.19,,,
934,,,,,,,,,114.91,,,
935,,,,,,,,,114.66,,,
936,,,,,,,,,114.44,,,
937,,,,,,,,,114.19,,,
938,,,,,,,,,113.94,,,
939,,,,,,,,,113.71,,,
940,,,,,,,,,113.46,,,
941,,,,,,,,,113.21,,,
942,,,,,,,,,112.96,,,
943,,,,,,,,,112.71,,,
944,,,,,,,,,112.49,,,
945,,,,,,,,,112.24,,,
946,,,,,,,,,111.99,,,
947,,,,,,,,,111.74,,,
948,,,,,,,,,111.51,,,
949,,,,,,,,,111.29,,,
950,,,,,,,,,111.06,,,
951,,,,,,,,,110.79,,,
952,,,,,,,,,110.56,,,
953,,,,,,,,,110.34,,,
954,,,,,,,,,110.09,,,
955,,,,,,,,,109.84,,,
956,,,,,,,,,109.61,,,
957,,,,,,,,,109.39,,,
958,,,,,,,,,109.14,,,
959,,,,,,,,,108.89,,,
960,,,,,,,,,108.64,,,
961,,,,,,,,,108.41,,,
962,,,,,,,,,108.19,,,
963,,,,,,,,,107.94,,,
964,,,,,,,,,107.71,,,
965,,,,,,,,,107.49,,,
966,,,,,,,,,107.29,,,
967,,,,,,,,,107.01,,,
968,,,,,,,,,106.81,,,
969,,,,,,,,,106.59,,,
970,,,,,,,,,106.36,,,
971,,,,,,,,,106.11,,,
972,,,,,,,,,105.89,,,
973,,,,,,,,,105.69,,,
974,,,,,,,,,105.46,,,
975,,,,,,,,,105.21,,,
976,,,,,,,,,105.01,,,
977,,,,,,,,,104.76,,,
978,,,,,,,,,104.54,,,
979,,,,,,,,,104.31,,,
980,,,,,,,,,104.09,,,
981,,,,,,,,,103.89,,,
982,,,,,,,,,103.66,,,
983,,,,,,,,,103.46,,,
984,,,,,,,,,103.24,,,
985,,,,,,,,,103.04,,,
986,,,,,,,,,102.81,,,
987,,,,,,,,,102.61,,,
988,,,,,,,,,102.36,,,
989,,,,,,,,,102.16,,,
990,,,,,,,,,101.99,,,
991,,,,,,,,,101.79,,,
992,,,,,,,,,101.56,,,
993,,,,,,,,,101.36,,,
994,,,,,,,,,101.14,,,
995,,,,,,,,,100.94,,,
996,,,,,,,,,100.69,,,
997,,,,,,,,,100.49,,,
998,,,,,,,,,100.29,,,
999,,,,,,,,,100.11,,,
1000,,,,,,,,,99.89,,,
